Iteration,Teaspoon (200),
0,520,
1,1442,
2,3397,
3,5469,
4,7402,
5,8489,
6,10208,
7,11355,
8,12352,
9,13529,
10,15233,
11,16532,
12,17653,
13,18776,
14,20308,
15,20593,
16,22279,
17,23120,
18,24150,
19,25633,
20,26198,
21,27520,
22,28051,
23,29284,
24,30528,
25,31022,
26,31800,
27,32069,
28,32757,
29,34213,
30,35156,
31,34875,
32,35900,
33,36203,
34,37695,
35,38231,
36,38613,
37,39767,
38,39838,
39,40781,
40,40702,
41,40990,
42,42359,
43,43198,
44,43847,
45,43949,
46,44694,
47,45406,
48,45637,
49,46748,
50,47522,
51,47800,
52,48540,
53,48941,
54,49217,
55,49795,
56,51153,
57,50678,
58,51681,
59,52173,
60,51540,
61,52852,
62,53592,
63,54251,
64,54630,
65,55100,
66,54957,
67,55397,
68,55844,
69,55747,
70,56940,
71,57574,
72,57690,
73,57187,
74,59534,
75,59102,
76,59029,
77,60104,
78,60134,
79,61067,
80,61758,
81,61865,
82,61604,
83,62220,
84,62672,
85,63192,
86,63823,
87,63708,
88,65181,
89,65029,
90,65915,
91,65559,
92,65007,
93,65924,
94,67212,
95,66257,
96,67259,
97,67328,
98,66667,
99,66857,
100,68398,
101,68485,
102,69046,
103,68783,
104,68402,
105,70039,
106,69588,
107,69962,
108,71146,
109,70691,
110,70918,
111,70910,
112,71633,
113,72505,
114,72628,
115,72342,
116,72233,
117,72682,
118,72440,
119,72533,
120,74036,
121,73914,
122,74013,
123,73879,
124,75095,
125,74311,
126,74788,
127,74592,
128,74838,
129,76080,
130,75830,
131,76335,
132,75612,
133,76338,
134,76545,
135,76249,
136,76050,
137,76925,
138,77730,
139,76879,
140,78053,
141,78171,
142,78302,
143,77391,
144,79081,
145,78943,
146,78987,
147,79482,
148,79167,
149,79464,
150,78880,
151,79864,
152,80160,
153,79857,
154,80737,
155,80326,
156,80061,
157,80649,
158,80661,
159,80503,
160,80813,
161,81411,
162,80981,
163,82280,
164,81699,
165,82439,
166,81808,
167,82366,
168,82322,
169,82532,
170,82713,
171,82992,
172,83020,
173,82753,
174,83030,
175,82923,
176,83425,
177,83374,
178,83799,
179,83918,
180,83949,
181,83500,
182,83390,
183,83825,
184,84288,
185,84269,
186,84064,
187,83742,
188,84050,
189,85004,
190,84706,
191,84809,
192,84762,
193,84916,
194,84819,
195,85419,
196,85026,
197,85264,
198,85393,
199,85495,
